Batch,FullProv,Townname,address,Special,MainIndus,SubIndus,FuncType,TownArea,Pop1W,stablepop,GDP1Y,Income1W,province,city,citycode,district,LONGITUDE,LATITUDE,WGS84_Lng,WGS84_Lat,BD_Lng,BD_Lat
第一批,北京市,房山区长沟镇,北京市房山区长沟镇,基金小镇,其他,金融业,商贸流通型,39.05,2.7,0.8217,18,3.6,北京,北京市,010,房山区,115.900836,39.580128,115.8949382,39.57914599,115.9072046,39.58645271
第一批,北京市,昌平区小汤山镇,北京市昌平区小汤山镇,汤泉古镇,农林牧副渔,现代农业,农业服务型,70.1,3.3,1.96,7,3.9,北京,北京市,010,昌平区,116.399758,40.177806,116.3934796,40.176385,116.4062307,40.18391762
第一批,北京市,密云区古北口镇,北京市密云区古北口镇,京北水镇,旅游业,历史文化,历史文化型,85.52,,1,6.2,3.4,北京,北京市,010,密云区,117.16382,40.692169,117.1572442,40.69059935,117.1704418,40.69786844
第一批,天津市,滨海新区中塘镇,天津市滨海新区中塘镇,汽车橡塑小镇,制造业,汽车橡塑产业,产业发展型,97,,7.2,61.92,3.3,天津,天津市,022,滨海新区,117.38538,38.866464,117.3788597,38.86544811,117.3919288,38.87234248
第一批,河北省,秦皇岛市卢龙县石门镇,河北省秦皇岛市卢龙县石门镇,新型工业小镇,制造业,环保产业,产业发展型,90.3,4.47,1.6,2,2.6,河北,秦皇岛市,0335,卢龙县,118.851149,39.730368,118.8452568,39.72924332,118.8577412,39.73604497
第一批,河北省,保定市高阳县庞口镇,河北省保定市高阳县庞口镇,农机商贸小镇,制造业,农机配件加工生产,产业发展型,110,7.2,0.81,23,1.05,河北,保定市,0312,高阳县,115.949606,38.646272,115.9437785,38.64570407,115.9560085,38.65262117
第一批,河北省,衡水市武强县周窝镇,河北省衡水市武强县周窝镇,音乐小镇,制造业,乐器制造,产业发展型,51.3,3.1,0.9,3.5,1.13,河北,衡水市,0318,武强县,115.891818,37.997813,115.8860978,37.99729378,115.8982104,38.00414075
第一批,山西省,晋城市阳城县润城镇,山西省晋城市阳城县润城镇,古堡重镇,旅游业,历史文化,历史文化型,72,3.3,1.6,3.2,2.5,山西,晋城市,0356,阳城县,112.527819,35.493407,112.521723,35.49376957,112.5343092,35.49937152
第一批,山西省,晋中市昔阳县大寨镇,山西省晋中市昔阳县大寨镇,红色小镇,旅游业,历史文化,旅游发展型,186,3.3,0.32,12,3.1,山西,晋中市,0354,昔阳县,113.719424,37.571261,113.7129255,37.57058322,113.7258338,37.57747187
第一批,山西省,吕梁市汾阳市杏花村镇,山西省吕梁市汾阳市杏花村镇,酒都小镇,食品加工,酿酒业,产业发展型,86,4.8,3.9,151,2.6,山西,吕梁市,0358,汾阳市,111.90985,37.334705,111.903611,37.33429761,111.916226,37.34102186
第一批,内蒙古自治区,赤峰市宁城县八里罕镇,内蒙古自治区赤峰市宁城县八里罕镇,塞外酒乡,食品加工,酿酒业,产业发展型,374,1.2,0.8,11.6,1.85,内蒙古,赤峰市,0476,宁城县,118.750421,41.516739,118.7441268,41.51464533,118.7569903,41.52248017
第一批,内蒙古自治区,通辽市科尔沁左翼中旗舍伯吐镇,内蒙古自治区通辽市科尔沁左翼中旗舍伯吐镇,黄牛小镇,农林牧副渔,黄牛,农业服务型,654,5.2,2,33,2.45,内蒙古,通辽市,0475,科尔沁左翼中旗,121.99002,44.031139,121.9843732,44.02901634,121.9963898,44.03750545
第一批,辽宁省,大连市瓦房店市谢屯镇,辽宁省大连市瓦房店市谢屯镇,休闲养老小镇,旅游业,休闲景观,旅游发展型,192.5,,3.6,67.5,2.7,辽宁,大连市,0411,瓦房店市,121.540749,39.452633,121.5356472,39.45149421,121.5472151,39.45867344
第一批,辽宁省,丹东市东港市孤山镇,辽宁省丹东市东港市孤山镇,文化旅游小镇,旅游业,休闲景观,旅游发展型,214,,3.3,42.3,2,辽宁,丹东市,0415,东港市,123.574103,39.88217,123.5686255,39.88096183,123.5805685,39.8882533
第一批,辽宁省,辽阳市弓长岭区汤河镇,辽宁省辽阳市弓长岭区汤河镇,温泉旅游小镇,旅游业,休闲景观,旅游发展型,152.7,,1,11.53,2.6,辽宁,辽阳市,0419,弓长岭区,123.376518,41.126872,123.3704946,41.12473996,123.3830573,41.13272954
第一批,辽宁省,盘锦市大洼区赵圈河镇,辽宁省盘锦市大洼区赵圈河镇,红海滩?生态旅游小镇,旅游业,休闲景观,旅游发展型,172,,0.62,13.6,2,辽宁,盘锦市,0427,大洼区,121.987833,40.972106,121.9825971,40.97034514,121.9942118,40.97847225
第一批,吉林省,辽源市东辽县辽河源镇,吉林省辽源市东辽县辽河源镇,生态农业小镇,农林牧副渔,现代农业,农业服务型,410,4.3,3.7,15.9,2.1,吉林,辽源市,0437,东辽县,125.479801,42.951664,125.473464,42.94919877,125.486312,42.95764111
第一批,吉林省,通化市辉南县金川镇,吉林省通化市辉南县金川镇,长白山小镇,旅游业,休闲景观,旅游发展型,317.5,2.398,0.93,11,2.6,吉林,通化市,0435,辉南县,126.395225,42.349857,126.3892915,42.347375,126.4017008,42.35598523
第一批,吉林省,延边朝鲜族自治州龙井市东盛涌镇,吉林省延边朝鲜族自治州龙井市东盛涌镇,朝鲜族风情小镇,旅游业,休闲景观,民族聚居型,254.33,,1.5359,7,1.8,吉林,延边朝鲜族自治州,1433,龙井市,129.505471,42.811429,129.498541,42.80898641,129.5119794,42.81743918
第一批,黑龙江省,齐齐哈尔市甘南县兴十四镇,黑龙江省齐齐哈尔市甘南县,黑土明珠,农林牧副渔,现代农业,农业服务型,260,1.67,0.86,20.4,7.6,黑龙江,齐齐哈尔市,0452,甘南县,123.7008253,47.86860204,123.693946,47.86644582,123.7072331,47.87481805
第一批,黑龙江省,牡丹江市宁安市渤海镇,黑龙江省牡丹江市宁安市渤海镇,中华第一米城,农林牧副渔,现代农业,农业服务型,506,4.4674,1.1,22,2.9,黑龙江,牡丹江市,0453,宁安市,129.169549,44.121149,129.1624918,44.11876279,129.1761701,44.12681758
第一批,黑龙江省,大兴安岭地区漠河县北极镇,黑龙江省大兴安岭地区漠河县北极村,北极之光,旅游业,休闲景观,旅游发展型,26.31,0.7317,0.66,3.7,2.2,黑龙江,大兴安岭地区,0457,漠河县,122.359563,53.481561,122.3520274,53.47951509,122.3659762,53.48770975
第一批,上海市,金山区枫泾镇,上海市金山区枫泾镇,科创小镇,制造业,智能装备,历史文化型,91.7,10,2.8,63,2.2,上海,上海市,021,金山区,121.010356,30.888329,121.0059632,30.89051438,121.0169553,30.89396786
第一批,上海市,青浦区朱家角镇,上海市青浦区朱家角镇,水乡古镇,旅游业,历史文化,历史文化型,138,,3.9,71.7,3.6,上海,上海市,021,青浦区,121.046555,31.103775,121.042026,31.10573822,121.0531411,31.10941414
第一批,江苏省,南京市高淳区桠溪镇,江苏省南京市高淳区桠溪镇,国际第一慢城,旅游业,休闲景观,旅游发展型,149.2,,2.8,397.6,2.1,江苏,南京市,025,高淳区,119.167292,31.368979,119.1619709,31.37087559,119.1738557,31.37466508
第一批,江苏省,无锡市宜兴市丁蜀镇,江苏省无锡市宜兴市丁蜀镇,陶都明珠,制造业,陶瓷业,产业发展型,205,14.87,10.4,109,4.27,江苏,无锡市,0510,宜兴市,119.841473,31.26926,119.8367053,31.27140563,119.8478761,31.27557207
第一批,江苏省,徐州市邳州市碾庄镇,江苏省徐州市邳州市碾庄镇,五金之乡,制造业,机械制造,产业发展型,121,10.8,4.8,70.7,2.65,江苏,徐州市,0516,邳州市,117.778735,34.297013,117.7730021,34.29829451,117.7851714,34.30328885
第一批,江苏省,苏州市吴中区f直镇,江苏省苏州市吴中区f直镇,神州水乡第一镇,旅游业,历史文化,历史文化型,120,7,7.1,100.9,5.2,江苏,苏州市,0512,吴中区,120.863057,31.267106,120.85887,31.26927309,120.8696278,31.27277272
第一批,江苏省,苏州市吴江区震泽镇,江苏省苏州市吴江区震泽镇,丝绸小镇,制造业,丝绸家纺,历史文化型,96,12,3.46,112.6,4.86,江苏,苏州市,0512,吴江区,120.509538,30.912356,120.5051904,30.91459443,120.516046,30.91834652
第一批,江苏省,盐城市东台市安丰镇,江苏省盐城市东台市安丰镇,智造小镇,制造业,电子信息,产业发展型,71.2,5.9,3.7,37.24,3.16,江苏,盐城市,0515,东台市,120.40199,32.735416,120.3971838,32.73717677,120.4084745,32.74152935
第一批,江苏省,泰州市姜堰区溱潼镇,江苏省泰州市姜堰区溱潼镇,湿地古镇,旅游业,历史文化,历史文化型,40,,1.63,18,3.4,江苏,泰州市,0523,姜堰区,120.083139,32.64218,120.0781093,32.64399341,120.0895618,32.64853276
第一批,浙江省,杭州市桐庐县分水镇,浙江省杭州市桐庐县分水镇,制笔小镇,制造业,制笔业,产业发展型,299,5.3,5.4,32.54,3.76,浙江,杭州市,0571,桐庐县,119.445721,29.927669,119.4405246,29.93000074,119.4522319,29.9336071
第一批,浙江省,温州市乐清市柳市镇,浙江省温州市乐清市柳市镇,中国电器之都,制造业,电工电气,产业发展型,92.3,22.3,16,220,5.72,浙江,温州市,0577,乐清市,120.892196,28.038249,120.8882871,28.04167364,120.8987777,28.04390747
第一批,浙江省,嘉兴市桐乡市濮院镇,浙江省嘉兴市桐乡市濮院镇,毛衫时尚小镇,制造业,服装制造,产业发展型,64,4.7,6.6,77.3,4.5,浙江,嘉兴市,0573,桐乡市,120.618585,30.67705,120.6144592,30.67956175,120.625135,30.68292248
第一批,浙江省,湖州市德清县莫干山镇,浙江省湖州市德清县莫干山镇,民国风情小镇,旅游业,休闲景观,旅游发展型,185.8,3.1,0.35,10.56,2.5,浙江,湖州市,0572,德清县,119.901161,30.599482,119.8965775,30.60204657,119.907592,30.60582921
第一批,浙江省,绍兴市诸暨市大唐镇,浙江省绍兴市诸暨市大唐镇,袜艺小镇,制造业,袜业,产业发展型,53.8,,1.3,77.59,4.59,浙江,绍兴市,0575,诸暨市,120.167553,29.693705,120.1629434,29.69609255,120.17396,29.70001276
第一批,浙江省,金华市东阳市横店镇,浙江省金华市东阳市横店镇,东方好莱坞,旅游业,休闲景观,旅游发展型,121,16.8,11.5,138,4.25,浙江,金华市,0579,东阳市,120.287396,29.156073,120.2830078,29.15881554,120.2938327,29.16229428
第一批,浙江省,丽水市莲都区大港头镇,浙江省丽水市莲都区大港头镇,古堰画乡,旅游业,历史文化,旅游发展型,94.22,1.2,0.33,5.4,3.16,浙江,丽水市,0578,莲都区,119.741956,28.295804,119.7372221,28.29907157,119.7484131,28.3020552
第一批,浙江省,丽水市龙泉市上镇,浙江省丽水市龙泉市上镇,中国青瓷小镇,制造业,青瓷,产业发展型,162,,0.36,6.52,2.9,浙江,丽水市,0578,龙泉市,118.873299,27.965968,118.8686035,27.96939108,118.8798743,27.97163877
第一批,安徽省,铜陵市郊区大通镇,安徽省铜陵市郊区大通镇,江豚小镇,旅游业,历史文化,历史文化型,70.72,2.3,0.81,27.2,2.97,安徽,铜陵市,0562,郊区,117.749852,30.811726,117.7444295,30.81403366,117.7562975,30.81797849
第一批,安徽省,安庆市岳西县温泉镇,安徽省安庆市岳西县温泉镇,养生温泉乡,旅游业,休闲景观,旅游发展型,86,5.1316,2.0912,9.76,2.02,安徽,安庆市,0556,岳西县,116.342605,30.892725,116.3373851,30.89488563,116.3490674,30.89889233
第一批,安徽省,黄山市黟县宏村镇,安徽省黄山市黟县宏村镇,中国画里乡村,旅游业,历史文化,历史文化型,188.95,1.84,0.85,7.36,2.32,安徽,黄山市,0559,黟县,117.983362,29.998748,117.9781609,30.00129111,117.989772,30.00510145
第一批,安徽省,六安市裕安区独山镇,安徽省六安市裕安区独山镇,六安茶谷,农林牧副渔,现代农业,农业服务型,189,8.7,3.3,9.6,2.6,安徽,六安市,0564,裕安区,116.23186,31.607619,116.2266881,31.60961753,116.238271,31.61387426
第一批,安徽省,宣城市旌德县白地镇,安徽省宣城市旌德县白地镇,宣砚小镇,制造业,宣砚制造,产业发展型,95.8,1.5,0.61,1,2.06,安徽,宣城市,0563,旌德县,118.37666,30.201715,118.3713572,30.20402757,118.3831372,30.20785212
第一批,福建省,福州市永泰县嵩口镇,福建省福州市永泰县嵩口镇,文创旅游小镇,旅游业,历史文化,历史文化型,257.6,3.26,1.5,130.9,1.13,福建,福州市,0591,永泰县,118.58997,25.79992,118.5854601,25.80306834,118.5964801,25.80581828
第一批,福建省,泉州市安溪县湖头镇,福建省泉州市安溪县湖头镇,光电小镇,制造业,光电产业,产业发展型,101.2,,3.29,148.5,2.53,福建,泉州市,0595,安溪县,118.035349,25.232677,118.0303828,25.23536564,118.0417607,25.23902613
第一批,福建省,南平市邵武市和平镇,福建省南平市邵武市和平镇,太极文化小镇,旅游业,历史文化,历史文化型,193,,0.38,87,1.37,福建,南平市,0599,邵武市,117.30254,27.158461,117.2973837,27.16170565,117.3090781,27.16425428
第一批,福建省,龙岩市上杭县古田镇,福建省龙岩市上杭县古田镇,红色圣地,旅游业,历史文化,历史文化型,227,,1.99,38.1,1.58,福建,龙岩市,0597,上杭县,116.823773,25.223654,116.8191362,25.22654121,116.8303247,25.22935315
第一批,江西省,南昌市进贤县文港镇,江西省南昌市进贤县文港镇,毛笔之乡,制造业,毛笔制造,产业发展型,54.53,6.4,3.2,34.06,1.87,江西,南昌市,0791,进贤县,116.127227,28.290004,116.1221132,28.29314739,116.1336642,28.29632866
第一批,江西省,鹰潭市龙虎山风景名胜区上清镇,江西省鹰潭市贵溪市上清镇,中国道教第一古镇,旅游业,历史文化,旅游发展型,86,2.2,1.13,2.2195,2.12,江西,鹰潭市,0701,贵溪市,117.043407,28.043337,117.038217,28.04650519,117.049993,28.04898976
第一批,江西省,宜春市明月山温泉风景名胜区温汤镇,江西省宜春市袁州区温汤镇,天然氧吧,旅游业,休闲景观,旅游发展型,171.6,4.438,2.5,9,2.99,江西,宜春市,0795,袁州区,114.291688,27.68399,114.286497,27.68722701,114.2981212,27.69019477
第一批,江西省,上饶市婺源县江湾镇,江西省上饶市婺源县江湾镇,画里婺源,旅游业,休闲景观,旅游发展型,316,3.4,0.55,4.6,1.8,江西,上饶市,0793,婺源县,118.055224,29.370409,118.0498887,29.37291225,118.0616194,29.37675341
第一批,山东省,青岛市胶州市李哥庄镇,山东省青岛市胶州市李哥庄镇,空港小镇,制造业,制帽业,商贸流通型,75,,9.2,138,3.59,山东,青岛市,0532,胶州市,120.158977,36.352812,120.1537187,36.35252146,120.1653984,36.35913363
第一批,山东省,淄博市淄川区昆仑镇,山东省淄博市淄川区昆仑镇,陶瓷风情小镇,制造业,陶瓷业,产业发展型,99.8,11.6,6.7,72.19,2.47,山东,淄博市,0533,淄川区,117.919034,36.588962,117.913312,36.58890577,117.9254461,36.59531007
第一批,山东省,烟台市蓬莱市刘家沟镇,山东省烟台市蓬莱市刘家沟镇,葡萄酒风情小镇,食品加工,酿酒业,产业发展型,101.7,3.2,0.61,141.6,1.97,山东,烟台市,0535,蓬莱市,120.901533,37.772722,120.8967752,37.77206215,120.9081284,37.77837261
第一批,山东省,潍坊市寿光市羊口镇,山东省潍坊市寿光市羊口镇,中国海盐之都,制造业,制盐业,产业发展型,471,,7.3,67.5,3.6,山东,潍坊市,0536,寿光市,118.886383,37.240403,118.8808351,37.23989644,118.8929746,37.24606472
第一批,山东省,泰安市新泰市西张庄镇,山东省泰安市新泰市西张庄镇,多彩毛呢小镇,制造业,服装制造,产业发展型,47,,3.27,51.6,2.74,山东,泰安市,0538,新泰市,117.596615,35.956387,117.5908745,35.95655212,117.6030801,35.96249165
第一批,山东省,威海市经济技术开发区崮山镇,山东省威海市环翠区崮山镇,日光幸福小镇,制造业,临港海洋产业,产业发展型,49,4.6,3.9,35.6,3.56,山东,威海市,0631,环翠区,122.245202,37.407039,122.240406,37.40620786,122.2516031,37.4132966
第一批,山东省,临沂市费县探沂镇,山东省临沂市费县探沂镇,板材木业小镇,制造业,板材,产业发展型,168,15.8,6.86,72.8,1.5,山东,临沂市,0539,费县,118.134619,35.202726,118.1287422,35.20300392,118.1410113,35.20904578
第一批,河南省,焦作市温县赵堡镇,河南省焦作市温县赵堡镇,太极圣地,农林牧副渔,药材生产加工,农业服务型,55,4.6,1.03,19.4,2.4,河南,焦作市,0391,温县,113.168431,34.96418,113.1619861,34.96486819,113.1750237,34.96988759
第一批,河南省,许昌市禹州市神镇,河南省许昌市禹州市神镇,钧瓷之都,制造业,钧瓷,产业发展型,49.1,7.3,5.8,25.4,2.25,河南,许昌市,0374,禹州市,113.229875,34.122346,113.2236209,34.12374693,113.236459,34.12809327
第一批,河南省,南阳市西峡县太平镇,河南省南阳市西峡县太平镇,天然中药库,农林牧副渔,药材生产加工,农业服务型,304,1.5,0.88,3.87,2.67,河南,南阳市,0377,西峡县,111.735196,33.618353,111.7291225,33.6199191,111.7416102,33.62457338
第一批,河南省,驻马店市确山县竹沟镇,河南省驻马店市确山县竹沟镇,红色圣地,旅游业,历史文化,旅游发展型,185,3.1,0.85,8.22,2.14,河南,驻马店市,0396,确山县,113.729908,32.786374,113.7239212,32.78840874,113.7363549,32.792603
第一批,湖北省,宜昌市夷陵区龙泉镇,湖北省宜昌市夷陵区龙泉镇,白酒小镇,食品加工,酿酒业,产业发展型,257,7.2,3.47,489,2.56,湖北,宜昌市,0717,夷陵区,111.494946,30.725884,111.4891741,30.72831246,111.5014621,30.73188272
第一批,湖北省,襄阳市枣阳市吴店镇,湖北省襄阳市枣阳市吴店镇,古帝乡里,旅游业,历史文化,产业发展型,366,7.2,6.8,200,2.1,湖北,襄阳市,0710,枣阳市,112.77615,31.98167,112.7702664,31.98379553,112.7827221,31.98741163
第一批,湖北省,荆门市东宝区漳河镇,湖北省荆门市东宝区漳河镇,爱飞客镇,制造业,航空制造,产业发展型,363,4.8,1.53,26,2.35,湖北,荆门市,0724,东宝区,112.08055,30.954729,112.0745523,30.95685887,112.0869628,30.96105529
第一批,湖北省,黄冈市红安县七里坪镇,湖北省黄冈市红安县七里坪镇,红色荆楚,旅游业,历史文化,旅游发展型,362,9.8,2.6,19.5,2.9,湖北,黄冈市,0713,红安县,114.654843,31.462915,114.6496532,31.46508468,114.661368,31.46874894
第一批,湖北省,随州市随县长岗镇,湖北省随州市随县长岗镇,养生天堂,旅游业,休闲景观,旅游发展型,232.5,2.2,1.25,6.2,1.75,湖北,随州市,0722,随县,112.979916,31.550993,112.9740592,31.55310963,112.9864914,31.55664942
第一批,湖南省,长沙市浏阳市大瑶镇,湖南省长沙市浏阳市大瑶镇,烟花小镇,制造业,花炮产业,产业发展型,149.3,,7.88,98.5,3.73,湖南,长沙市,0731,浏阳市,113.723392,27.97486,113.7178347,27.97819105,113.7298363,27.98107988
第一批,湖南省,邵阳市邵东县廉桥镇,湖南省邵阳市邵东县廉桥镇,南国药都,农林牧副渔,药材生产加工,农业服务型,98,,4.5,36.2,2.5,湖南,邵阳市,0739,邵东县,111.848971,27.323549,111.8435929,27.32699664,111.8553816,27.32984344
第一批,湖南省,郴州市汝城县热水镇,湖南省郴州市汝城县热水镇,中国第一氡泉镇,旅游业,休闲景观,旅游发展型,138.74,,1.16,2.39,1.4,湖南,郴州市,0735,汝城县,113.9134,25.527637,113.9083403,25.53069599,113.9198068,25.53396181
第一批,湖南省,娄底市双峰县荷叶镇,湖南省娄底市双峰县荷叶镇,国藩故里,旅游业,历史文化,旅游发展型,40.89,,1.59,8.03,1.66,湖南,娄底市,0738,双峰县,112.44062,27.408763,112.4349949,27.41190523,112.4470861,27.41482102
第一批,湖南省,湘西土家族苗族自治州花垣县边城镇,湖南省湘西土家族苗族自治州花垣县边城镇,书里的小镇,旅游业,历史文化,历史文化型,76.95,,1.64,1.63,0.35,湖南,湘西土家族苗族自治州,0743,花垣县,109.28448,28.501756,109.2798409,28.50508591,109.2910529,28.50755564
第一批,广东省,佛山市顺德区北蛘,广东省佛山市顺德区北蛘,岭南制造小镇,制造业,家电产业,产业发展型,92,,10.3,493,4.78,广东,佛山市,0757,顺德区,113.207187,22.928305,113.2018464,22.93103845,113.2137461,22.9340357
第一批,广东省,江门市开平市赤坎镇,广东省江门市开平市赤坎镇,侨乡小镇,旅游业,历史文化,历史文化型,62.1,,2.7,25.4,3.04,广东,江门市,0750,开平市,112.578178,22.326471,112.573258,22.32950851,112.5847111,22.33239221
第一批,广东省,肇庆市高要区回龙镇,广东省肇庆市高要区回龙镇,广府文化特色小镇,旅游业,历史文化,历史文化型,124.25,,0.35,33,2.4,广东,肇庆市,0758,高要区,112.634842,22.932913,112.6298554,22.93583979,112.6413744,22.93877494
第一批,广东省,梅州市梅县区雁洋镇,广东省梅州市梅县区雁洋镇,客家文化旅游小镇,旅游业,历史文化,历史文化型,188,,1.5,48,2.47,广东,梅州市,0753,梅县区,116.331916,24.413897,116.3272157,24.4166287,116.338398,24.4200768
第一批,广东省,河源市江东新区古竹镇,广东省河源市紫金县古竹镇,南越风情小镇,旅游业,历史文化,历史文化型,278.1,6.2,2.7,31.1,1.67,广东,河源市,0762,紫金县,114.70736,23.518915,114.7026632,23.52152578,114.7138832,23.52470234
第一批,广东省,中山市古镇镇,广东省中山市古镇镇,灯饰特色小镇,制造业,灯饰产业,产业发展型,47.8,,15.17,111.8,3.87,广东,中山市,0760,,113.190869,22.613406,113.1855234,22.61621194,113.1974434,22.61912934
第一批,广西壮族自治区,柳州市鹿寨县中渡镇,广西壮族自治区柳州市鹿寨县中渡镇,文化旅游小镇,农林牧副渔,现代农业,历史文化型,374,,0.96,10.4,2.75,广西,柳州市,0772,鹿寨县,109.698181,24.679054,109.6937357,24.68202007,109.7046543,24.68524963
第一批,广西壮族自治区,桂林市恭城瑶族自治县莲花镇,广西壮族自治区桂林市恭城瑶族自治县莲花镇,月柿之乡,农林牧副渔,现代农业,农业服务型,361,5.4,0.95,14.92,2.54,广西,桂林市,0773,恭城瑶族自治县,110.875218,24.728027,110.8705634,24.73110436,110.8818013,24.73372289
第一批,广西壮族自治区,北海市铁山港区南康镇,广西壮族自治区北海市铁山港区南康镇,北海银滩小镇,农林牧副渔,现代农业,商贸流通型,75.4,,2.8,52.3,2.8,广西,北海市,0779,铁山港区,109.44932,21.588904,109.4449054,21.59135557,109.4558114,21.59484822
第一批,广西壮族自治区,贺州市八步区贺街镇,广西壮族自治区贺州市八步区贺街镇,宗祠文脉小镇,旅游业,历史文化,历史文化型,377,,3.22,11.39,3.1,广西,贺州市,1774,八步区,111.661146,24.32888,111.6559647,24.33184634,111.6676274,24.33504609
第一批,海南省,海口市云龙镇,海南省海口市琼山区云龙镇,工贸服务小镇,其他,工贸服务,产业发展型,96,,1.3,38.1,2.75,海南,海口市,0898,琼山区,110.473184,19.871734,110.4688005,19.87367055,110.4796713,19.8777605
第一批,海南省,琼海市潭门镇,海南省琼海市潭门镇,传统工艺小镇,制造业,传统工艺,产业发展型,89.5,,0.59,38.26,3.5,海南,,,琼海市,110.61694,19.24169,110.6127878,19.24358782,110.6234472,19.24756845
第一批,重庆市,万州区武陵镇,重庆市万州区武陵镇,三峡移民小镇,农林牧副渔,现代农业,农业服务型,80.7,,2.2,9.53,1.35,重庆,重庆市,023,万州区,108.25307,30.504589,108.2486988,30.50716825,108.2595252,30.51082184
第一批,重庆市,涪陵区蔺市镇,重庆市涪陵区蔺市镇,涪陵千年古镇,农林牧副渔,现代农业,农业服务型,163,,2,17,3.08,重庆,重庆市,023,涪陵区,107.199496,29.660829,107.1951199,29.66345792,107.2060512,29.66656386
第一批,重庆市,黔江区濯水镇,重庆市黔江区濯水镇,土家小镇,旅游业,历史文化,民族聚居型,105,,1.54,4.15,1.6,重庆,重庆市,023,黔江区,108.7734,29.297891,108.7690447,29.30071776,108.779951,29.30363974
第一批,重庆市,潼南区双江镇,重庆市潼南区双江镇,双江古镇,旅游业,历史文化,历史文化型,119.4,,2.17,9.71,2.54,重庆,重庆市,023,潼南区,105.74706,30.216376,105.7433798,30.21903816,105.7535086,30.2226017
第一批,四川省,成都市郫县德源镇,四川省成都市郫都区德源镇,创客特色小镇,制造业,电子工业,产业发展型,30.7,6.3,5.4,31.76,2.7,四川,成都市,028,郫都区,103.848002,30.770537,103.8458708,30.7732003,103.8544327,30.77681744
第一批,四川省,成都市大邑县安仁镇,四川省成都市大邑县安仁镇,博物馆小镇,旅游业,历史文化,历史文化型,56.9,7.66,1.9,16.9,2.6,四川,成都市,028,大邑县,103.616057,30.514155,103.6140518,30.51697583,103.6225435,30.52027149
第一批,四川省,攀枝花市盐边县红格镇,四川省攀枝花市盐边县红格镇,康养健身小镇,旅游业,休闲景观,旅游发展型,160,2.1,1.36,10,2.7,四川,攀枝花市,0812,盐边县,101.929682,26.530449,101.9283299,26.53415596,101.9361236,26.53675237
第一批,四川省,泸州市纳溪区大渡口镇,四川省泸州市纳溪区大渡口镇,泸州酒镇,食品加工,酿酒业,产业发展型,129.6,4.1,2.2,24.94,3.1,四川,泸州市,0830,纳溪区,105.229785,28.74236,105.2265657,28.745634,105.2363637,28.74812687
第一批,四川省,南充市西充县多扶镇,四川省南充市西充县多扶镇,西部绿谷,农林牧副渔,现代农业,农业服务型,34.9,,4.97,101,2,四川,南充市,0817,西充县,105.974228,30.963005,105.9705257,30.9654749,105.9806376,30.96932253
第一批,四川省,宜宾市翠屏区李庄镇,四川省宜宾市翠屏区李庄镇,文化抗战名镇,旅游业,历史文化,历史文化型,71.52,4.87,1.5,4.6,1.8,四川,宜宾市,0831,翠屏区,104.80233,28.805453,104.799669,28.80874453,104.8089113,28.81120034
第一批,四川省,达州市宣汉县南坝镇,四川省达州市宣汉县南坝镇,川东商贸名镇,其他,商贸业,商贸流通型,143.5,16.2,9.7,15.3,1.41,四川,达州市,0818,宣汉县,108.011328,31.359953,108.0067913,31.36208965,108.0177166,31.36627178
第一批,贵州省,贵阳市花溪区青岩镇,贵州省贵阳市花溪区青岩镇,中华诗词之乡,旅游业,历史文化,民族聚居型,92.3,3.43,1.3,16.75,2.65,贵州,贵阳市,0851,花溪区,106.691177,26.33405,106.6874705,26.33753224,106.6977385,26.33987327
第一批,贵州省,六盘水市六枝特区郎岱镇,贵州省六盘水市六枝特区郎岱镇,农旅小镇,农林牧副渔,现代农业,农业服务型,206.42,4.04,2.63,2.1315,2.13,贵州,六盘水市,0858,六枝特区,105.348767,26.085924,105.345421,26.08908474,105.355308,26.09178071
第一批,贵州省,遵义市仁怀市茅台镇,贵州省遵义市仁怀市茅台镇,国酒之心,食品加工,酿酒业,产业发展型,189.25,10.6631,4.6,403,3.8,贵州,遵义市,0852,仁怀市,106.375723,27.85194,106.3718304,27.85515471,106.3821825,27.85805918
第一批,贵州省,安顺市西秀区旧州镇,贵州省安顺市西秀区旧州镇,屯堡小镇,旅游业,历史文化,旅游发展型,116,4.32,0.35,30,1.8,贵州,安顺市,0853,西秀区,106.14248,26.25021,106.1387611,26.25344981,106.1489227,26.25650045
第一批,贵州省,黔东南州雷山县西江镇,贵州省黔东南苗族侗族自治州雷山县西江镇,苗寨风情小镇,旅游业,历史文化,民族聚居型,188,3.12,1.24,6.7,1.2,贵州,黔东南苗族侗族自治州,0855,雷山县,108.17324,26.49366,108.1690053,26.4970336,108.1796914,26.49994239
第一批,云南省,红河州建水县西庄镇,云南省红河哈尼族彝族自治州建水县西庄镇,彝族小镇,旅游业,历史文化,民族聚居型,144.5,,0.21,7.1,2.45,云南,红河哈尼族彝族自治州,0873,建水县,102.766747,23.645298,102.7652963,23.64798645,102.7732822,23.65106481
第一批,云南省,大理州大理市喜洲镇,云南省大理白族自治州大理市喜洲镇,白族第一镇,旅游业,历史文化,民族聚居型,186.5,,1.4,41,1.5,云南,大理白族自治州,0872,大理市,100.130699,25.850338,100.1294211,25.8533543,100.1371191,25.85661116
第一批,云南省,德宏州瑞丽市畹町镇,云南省德宏傣族景颇族自治州瑞丽市畹町镇,边境口岸贸易镇,其他,物流业,商贸流通型,103,,0.74,3,2.6,云南,德宏傣族景颇族自治州,0692,瑞丽市,98.064638,24.078662,98.06417593,24.08136996,98.071072,24.08495132
第一批,西藏自治区,拉萨市尼木县吞巴乡,西藏自治区拉萨市尼木县吞巴乡,藏香之都,制造业,藏香产业,农业服务型,311,,0.1152,0.59,1.1,西藏,拉萨市,0891,尼木县,90.288611,29.333365,90.28702409,29.33636739,90.29504029,29.3395266
第一批,西藏自治区,山南市扎囊县桑耶镇,西藏自治区山南市扎囊县桑耶镇,藏原之乡,制造业,藏香产业,农业服务型,824,,0.2,0.52,1.9,西藏,山南市,0893,扎囊县,91.509387,29.323089,91.50809557,29.32613744,91.51586823,29.32909191
第一批,陕西省,西安市蓝田县汤峪镇,陕西省西安市蓝田县汤峪镇,温泉小镇,旅游业,休闲景观,旅游发展型,173,5.7,3.02,15,2.9,陕西,西安市,029,蓝田县,109.217823,34.019342,109.2128032,34.02082764,109.2244032,34.02508848
第一批,陕西省,铜川市耀州区照金镇,陕西省铜川市耀州区照金镇,红色旅游小镇,旅游业,历史文化,旅游发展型,244,1.5,0.35,30,1.8,陕西,铜川市,0919,耀州区,108.638371,35.057569,108.6338157,35.05849031,108.6449119,35.06343064
第一批,陕西省,宝鸡市眉县汤峪镇,陕西省宝鸡市眉县汤峪镇,中国最美温泉小镇,旅游业,历史文化,旅游发展型,264,4.5,1.73,10.84,1.5,陕西,宝鸡市,0917,眉县,107.87823,34.14847,107.8736882,34.15013872,107.8846435,34.15477295
第一批,陕西省,汉中市宁强县青木川镇,陕西省汉中市宁强县青木川镇,传奇古镇,旅游业,历史文化,历史文化型,208,1.09,0.42,6,2.5,陕西,汉中市,0916,宁强县,105.571372,32.828692,105.5678229,32.83099913,105.5778599,32.83476546
第一批,陕西省,杨陵区五泉镇,陕西省咸阳市杨陵区五泉镇,生态农科小镇,农林牧副渔,现代农业,农业服务型,32.2,3.1,0.56,15,1.9,陕西,咸阳市,0910,杨陵区,108.004645,34.299226,107.9999048,34.30065061,108.0110575,34.30555487
第一批,甘肃省,兰州市榆中县青城镇,甘肃省兰州市榆中县青城镇,黄河千年古镇,旅游业,历史文化,历史文化型,138,2.1,0.65,52,0.7,甘肃,兰州市,0931,榆中县,104.188676,36.327427,104.1859659,36.32751294,104.1951018,36.33369189
第一批,甘肃省,武威市凉州区清源镇,甘肃省武威市凉州区清源镇,中国波尔多,食品加工,酿酒业,农业服务型,168.8,2.5336,2.5,5.35,1.1,甘肃,武威市,1935,凉州区,102.847219,37.881755,102.8453518,37.88143161,102.853813,37.88747881
第一批,甘肃省,临夏州和政县松鸣镇,甘肃省临夏回族自治州和政县松鸣镇,度假雪国,旅游业,休闲景观,旅游发展型,67,2.07,1.4,1.13,1.6,甘肃,临夏回族自治州,0930,和政县,103.39764,35.350449,103.3950887,35.3508311,103.4041566,35.35634519
第一批,青海省,海东市化隆回族自治县群科镇,青海省海东市化隆回族自治县群科镇,拉面风情小镇,农林牧副渔,现代农业,旅游发展型,100.12,,,6,,青海,海东市,0972,化隆回族自治县,101.973806,36.042122,101.9720346,36.04245818,101.9802007,36.04842777
第一批,青海省,海西蒙古族藏族自治州乌兰县茶卡镇,青海省海西蒙古族藏族自治州乌兰县茶卡镇,天空之境,旅游业,休闲景观,旅游发展型,1900,,0.41,0.7,2.4,青海,海西蒙古族藏族自治州,0977,乌兰县,99.078923,36.791405,99.07769887,36.79123795,99.08554142,36.7971211
第一批,宁夏回族自治区,银川市西夏区镇北堡镇,宁夏回族自治区银川市西夏区镇北堡镇,西夏风情小镇,旅游业,休闲景观,旅游发展型,174,,1.4,10,2,宁夏,银川市,0951,西夏区,106.066876,38.627542,106.0623041,38.62689647,106.07328,38.63385951
第一批,新疆维吾尔自治区,喀什地区巴楚县色力布亚镇,新疆维吾尔自治区喀什地区巴楚县色力布亚镇,南疆巴扎,旅游业,休闲景观,旅游发展型,280,4.1,2.3,5,1,新疆,喀什地区,0998,巴楚县,77.823975,39.302799,77.82149123,39.30265489,77.83036013,39.30899033
第一批,新疆维吾尔自治区,塔城地区沙湾县乌兰乌苏镇,新疆维吾尔自治区塔城地区沙湾县乌兰乌苏镇,绿色农业小镇,农林牧副渔,现代农业,旅游发展型,,,,13.5,1.75,新疆,塔城地区,0901,沙湾县,85.870135,44.305992,85.86768936,44.30510874,85.87652756,44.31223599
第一批,新疆维吾尔自治区,阿勒泰地区富蕴县可可托海镇,新疆维吾尔自治区阿勒泰地区富蕴县可可托海镇,稀有金属小镇,旅游业,休闲景观,旅游发展型,32,,0.51,0.58,3.2,新疆,阿勒泰地区,0906,富蕴县,89.811189,47.221611,89.80862709,47.22049307,89.81756018,47.22782844
第一批,新疆生产建设兵团,第八师石河子市北泉镇,新疆维吾尔自治区石河子市北泉镇,军垦小镇,农林牧副渔,现代农业,旅游发展型,475,9.7,,54,1.8,新疆,石河子市,,石河子市,86.016731,44.333841,86.01404446,44.33275321,86.02311359,44.34010664
